TipoDocumento;NumeroDocumento;Nombres;Apellidos
CC;1088324456;Andrea;González Sánchez
CE;1088324457;Daniel;Ramírez Ramírez
CE;1088324458;Paula;Díaz Molina
CE;1088324459;Javier;Álvarez Martínez
CC;1088324460;Eduardo;Jiménez Sánchez
CC;1088324461;Eduardo;Blanco Molina
CC;1088324462;Carlos;González Molina
CE;1088324463;Julia;Martín Díaz
CC;1088324464;Jimena;Sánchez Alonso
CC;1088324465;Sofía;Domínguez Blanco
CC;1088324466;Sara;Alonso Muñoz
CC;1088324467;Paula;Gómez López
CE;1088324468;Miguel;García Ruiz
CE;1088324469;Eduardo;Navarro Fernández
CE;1088324470;Valeria;Torres Ramos
CC;1088324471;Lucía;Serrano López
CC;1088324472;Sofía;Gil Romero
CE;1088324473;José;González Ramos
CC;1088324474;Olivia;Ruiz Martín
CE;1088324475;José;Gil Ramírez
CC;1088324476;Isabel;Blanco Rodríguez
CE;1088324477;Eduardo;Serrano Serrano
CC;1088324478;Fernando;Pérez Blanco
CC;1088324479;Sara;Molina Ruiz
CE;1088324480;Marta;Gómez Gil
CC;1088324481;Javier;Ramos Blanco
CC;1088324482;Marta;Romero Gutiérrez
CC;1088324483;Isabel;Gutiérrez Jiménez
CC;1088324484;Daniela;Moreno Torres
CE;1088324485;Eduardo;Domínguez Rodríguez
CE;1088324486;Valeria;Fernández Fernández
CC;1088324487;Valeria;Romero González
CE;1088324488;Sofía;Hernández Alonso
CE;1088324489;Rafael;Vázquez Romero
CE;1088324490;Sergio;Moreno Ruiz
CE;1088324491;Marta;Fernández García
CE;1088324492;Marta;Díaz Navarro
CC;1088324493;Luis;Hernández Ramos
CC;1088324494;Julia;Domínguez Martín
CE;1088324495;Luis;Molina Pérez
CE;1088324496;Daniela;Gutiérrez Torres
CE;1088324497;Isabel;Sánchez Vázquez
CE;1088324498;Luis;Díaz Ruiz
CE;1088324499;Elena;Díaz Vázquez
CC;1088324500;Eduardo;Díaz Rodríguez
CE;1088324501;Manuel;Vázquez Martínez
CC;1088324502;Víctor;Pérez Moreno
CC;1088324503;Andrea;Gutiérrez Ramos
CE;1088324504;Daniel;Vázquez Vázquez
CC;1088324505;Julia;García Romero
